Implementation,Dataset,Processes,ExecutionTime,Revenue,ATV,Electronics,Fashion,Groceries,Johor,KL,Penang,Sabah,Sarawak,Cash,Card,eWallet,Laptop,Phone,Shoes
serial,1000000,1,2.618108,2104819048.25,2104.82,1950570985.00,126575924.00,27672139.25,420745783.00,422933164.50,421167476.00,417294742.50,422677882.25,701824242.75,700418292.75,702576512.75,1084007225.00,774318500.00,46351845.00
mpi,1000000,1,0.813973,2104819048.25,2104.82,1950570985.00,126575924.00,27672139.25,420745783.00,422933164.50,421167476.00,417294742.50,422677882.25,701824242.75,700418292.75,702576512.75,1084007225.00,774318500.00,46351845.00
mpi,1000000,2,0.549987,2104819048.25,2104.82,1950570985.00,126575924.00,27672139.25,420745783.00,422933164.50,421167476.00,417294742.50,422677882.25,701824242.75,700418292.75,702576512.75,1084007225.00,774318500.00,46351845.00
mpi,1000000,4,0.617830,2104819048.25,2104.82,1950570985.00,126575924.00,27672139.25,420745783.00,422933164.50,421167476.00,417294742.50,422677882.25,701824242.75,700418292.75,702576512.75,1084007225.00,774318500.00,46351845.00
mpi,1000000,8,0.697669,2104819048.25,2104.82,1950570985.00,126575924.00,27672139.25,420745783.00,422933164.50,421167476.00,417294742.50,422677882.25,701824242.75,700418292.75,702576512.75,1084007225.00,774318500.00,46351845.00
